1,'German',3,'Informatics',
2,'Pathology',1,'Biochemistry',
3,'Acadamic Research',4,'Bioinformatics',
4,'Lab4',1,'Arabic Literature',
5,'Trauma and Orthopaedic Surgery',3,'Physics',
6,'Lab1',10,'German Literature',
7,'Asian Studies',5,'Finance',
8,'Social Anthropology',7,'Clinical Medicine',
9,'Energy',6,'Economics',
10,'Metallurgy',7,'English',
11,'Development Studies',9,'Medicine',
12,'Business Research',5,'Mechanical Engineering',
13,'Biochemistry',9,'Electrical Engineering',
14,'Astronomy',3,'BWL',
15,'Fluids',8,'Islamic Studies',
16,'Orthopaedic Surgery',10,'Languages',
17,'Asian Studies',10,'Physics',
18,'Computer Laboratory',2,'Biochemistry',
19,'French',7,'Management',
20,'Biochemistry',2,'Medival Languages',
21,'Biochemistry',10,'Modern Languages',
22,'Earth Sciences',1,'Bioinformatics',
23,'Modern Greek',6,'Medicine',
24,'Archaeology',10,'Music',
25,'Genetics',2,'Biophysics',
26,'Energy',10,'Social Science',
27,'Earth Sciences',7,'Bioinformatics',
28,'Brain mapping unit',1,'Art',
29,'Information engineering',3,'Mathematics',
30,'Computer Laboratory',5,'Informatics',
31,'German',2,'Social Science',
32,'French',10,'German Literature',
33,'Computer Laboratory',5,'Dental Medicine',
34,'Fluids',10,'VWL',
35,'Earth Sciences',9,'Music',
36,'Clinical pharmacology',6,'Classics',
37,'Social Anthropology',1,'Earth Sciencs',
38,'Earth Sciences',5,'English',
39,'Plant Sciences',5,'English',
40,'Lab1',9,'Neuroscience',
41,'Civil engineering',10,'Economics',
42,'Energy',9,'History of Art',
43,'Lab1',3,'Design',
44,'Lab2',5,'Economics',
45,'Civil engineering',7,'Arabic Literature',
46,'Modern Greek',2,'Architecture',
47,'Information engineering',9,'History of Art',
48,'Archaeology',8,'Science',
49,'Orthopaedic Surgery',6,'Political Studies',
50,'Fluids',2,'Biochemistry',
51,'Biological Anthropology',5,'German Literature',
52,'Orthopaedic Surgery',3,'Medival Languages',
53,'Transfusion medicine',3,'BWL',
54,'Acadamic Research',5,'BWL',
55,'Biochemistry',4,'Mechanical Engineering',
56,'Lab4',6,'Management',
57,'Lab4',9,'Biophysics',
58,'Arabic',4,'Education',
59,'Pathology',3,'Arabic Literature',
60,'Brain mapping unit',2,'Clinical Medicine',
61,'Biochemistry',7,'History',
62,'Trauma and Orthopaedic Surgery',7,'Political Studies',
63,'Astronomy',2,'Electrical Engineering',
64,'The Polar Museum',10,'Electrical Engineering',
65,'Pathology',8,'Education',
66,'Pathology',7,'Architecture',
67,'Business Research',9,'Science',
68,'Lab2',6,'Music',
69,'Lab4',7,'Classics',
70,'Lab1',2,'Mechanical Engineering',
71,'Genetics',1,'Chemistry',
72,'Asian Studies',2,'Earth Sciencs',
73,'Plant Sciences',7,'Electrical Engineering',
74,'Scientific Research',5,'Informatics',
75,'Earth Sciences',4,'Biophysics',
76,'Astronomy',8,'Engineering',
77,'turbomachinery',8,'Bioinformatics',
78,'Modern Greek',3,'BWL',
79,'Physics',5,'Arabic Literature',
80,'Metallurgy',9,'Construction',
81,'Trauma and Orthopaedic Surgery',2,'Electrical Engineering',
82,'Plant Sciences',6,'Science',
83,'Social Anthropology',1,'Medicine',
84,'German',1,'Art',
85,'Pathology',9,'Law',
86,'Chemistry',7,'English',
87,'Genetics',2,'Electrical Engineering',
88,'French',10,'Clinical Medicine',
89,'The Polar Museum',8,'BWL',
90,'Plant Sciences',3,'Mathematics',
91,'Lab1',1,'Informatics',
92,'Slavonic Studies',7,'History of Art',
93,'Arabic',1,'Geography',
94,'Scientific Research',7,'Biology',
95,'Fluids',7,'Electrical Engineering',
96,'Lab2',10,'Business',
97,'French',6,'Classics',
98,'Brain mapping unit',5,'Science',
99,'Genetics',5,'Medicine',
100,'Lab2',9,'Electrical Engineering',
1,'Charly',2.9621065258979797,'Art',12
2,'Kate',2.1284069418907166,'Biology',28
3,'Amina',1.6740130186080933,'Biophysics',37
4,'logback',3.2173169255256653,'BWL',36
5,'hesham',3.7785929441452026,'Arabic Literature',17
6,'Adele',3.515328049659729,'Social Science',46
7,'dudu',3.688820481300354,'Engineering',47
8,'Adam',1.4917574524879456,'Construction',12
9,'Dave',3.0969635248184204,'Mathematics',17
10,'Ahmed',2.9839974641799927,'Chemistry',27
11,'Charles',1.9219372868537903,'Clinical Medicine',26
12,'Pimkie',3.38960200548172,'Engineering',35
13,'Monica',3.7015300393104553,'Bioinformatics',10
14,'Jan',3.9790735840797424,'Arabic Literature',34
15,'Kate',3.7076717615127563,'Languages',11
16,'Muller',2.097263276576996,'Modern Languages',38
17,'Caty',2.503337562084198,'Science',37
18,'Mona',1.7586050629615784,'History',45
19,'Amazone',2.4438692331314087,'Modern Languages',25
20,'David',3.7224523425102234,'Mathematics',16
21,'Adelaine',2.753416359424591,'Business',32
22,'Arizona',3.559600591659546,'Clinical Medicine',24
23,'Aragon',3.2788875699043274,'Finance',46
24,'Carolina',3.4896240830421448,'Mathematics',13
25,'Catwoman',2.8392252326011658,'Medicine',50
26,'Mango',3.8809667825698853,'Law',50
27,'Hbase',1.2470003366470337,'BWL',31
28,'Amina',3.261777400970459,'Chemistry',40
29,'Dave',3.58225417137146,'German Literature',32
30,'Marie',3.48928701877594,'Physics',50
31,'Karim',2.145190954208374,'Mathematics',18
32,'misho',3.369078814983368,'Design',42
33,'Lisa',1.7047552466392517,'Construction',43
34,'IronMan',2.502907693386078,'Mathematics',15
35,'Lisa Marie',3.1943121552467346,'Tiermedizin',49
36,'Foxy',1.4747788906097412,'History',49
37,'Barbie',3.8835704922676086,'BWL',25
38,'BigTables',3.659801661968231,'English Literature',29
39,'Karim',1.2775762677192688,'Chemistry',48
40,'Darien',1.9588891863822937,'English',42
41,'Kate',3.559027135372162,'History of Art',10
42,'Adelaine',2.624676764011383,'VWL',10
43,'HM',1.299345076084137,'Economics',28
44,'IronMan',1.0500906109809875,'Dental Medicine',17
45,'Alei',1.416865348815918,'Classics',11
46,'Alei',2.9407994151115417,'Design',17
47,'hiberante',3.957189440727234,'Neuroscience',21
48,'David',3.686338722705841,'Clinical Medicine',20
49,'Derek',1.2111708521842957,'Biophysics',33
50,'IronMan',3.982000768184662,'History of Art',18
51,'Amazone',3.9701868891716003,'Mathematics',38
52,'Foxy',2.834638297557831,'Architecture',45
53,'Zero',3.346279501914978,'Geography',18
54,'Zara',1.0103352665901184,'Arabic Literature',43
55,'Adam',3.5564244985580444,'Mechanical Engineering',42
56,'Orsay',2.750452160835266,'Informatics',50
57,'Zero',1.3856224417686462,'Social Science',37
58,'Jan',1.1948583722114563,'History of Art',30
59,'Mango',1.7026792168617249,'Arabic Literature',19
60,'Azure',3.407216966152191,'Bioinformatics',31
61,'rocky',2.4054811000823975,'Biophysics',12
62,'Wenbo',3.196996331214905,'Mechanical Engineering',40
63,'dudu',1.519239902496338,'Arabic Literature',12
64,'CA',2.076431632041931,'English Literature',12
65,'Ziko',2.8616209626197815,'Philosophy',47
66,'Mango',2.6779710054397583,'Business',37
67,'Fox',3.722843587398529,'Business',18
68,'Arizona',2.7887879014015198,'Clinical Medicine',42
69,'elaine',2.3867714405059814,'Languages',16
70,'Kevin',2.8337538838386536,'Medicine',35
71,'Dawn',3.0406932830810547,'BWL',49
72,'Derek',1.1568135619163513,'English Literature',42
73,'Muller',3.6869227290153503,'Art',29
74,'Lisa',3.8130144476890564,'Medicine',32
75,'IronMan',2.0785250067710876,'Tiermedizin',30
76,'Batman',2.789493680000305,'Political Studies',49
77,'Kate',1.4544076919555664,'Electrical Engineering',12
78,'Monica',2.623533070087433,'Biology',11
79,'Darcy',3.945695459842682,'Art',36
80,'Derek',2.2793428897857666,'Informatics',33
81,'Sara',2.965734839439392,'Geography',13
82,'Ahmed',2.8825475573539734,'English Literature',41
83,'rocky',2.6802555322647095,'Political Studies',35
84,'Azure',3.4923924803733826,'Islamic Studies',24
85,'Alei',3.782146692276001,'Modern Languages',42
86,'Azza',1.5165013670921326,'History of Art',12
87,'Derek',3.266982674598694,'Art',48
88,'Charles',3.641566753387451,'English Literature',30
89,'Monica',1.7208665609359741,'Islamic Studies',41
90,'Karim',1.265661358833313,'Clinical Medicine',11
91,'Adam',1.7913358807563782,'BWL',10
92,'Kaley',2.373911142349243,'Medicine',25
93,'simsim',1.0150060653686523,'Social Science',27
94,'BigTables',2.5990768671035767,'Chemistry',50
95,'Marie',1.022307574748993,'Medival Languages',34
96,'Arizona',1.8521469235420227,'Social Science',10
97,'Adele',1.3301012516021729,'Education',43
98,'Jan',1.3953450918197632,'Islamic Studies',49
99,'Adam',2.467135965824127,'Bioinformatics',30
100,'Foxy',3.561016261577606,'Physics',39